POSCAR_alex_go_aaa_000_agm2000000293_entry0_step29.vasp,-20.67197106
POSCAR_alex_go_aaa_000_agm2000000293_entry1_step1.vasp,-20.67115156
POSCAR_alex_go_aaa_000_agm2000000297_entry0_step2.vasp,-7.705786
POSCAR_alex_go_aaa_000_agm2000000297_entry1_step2.vasp,-7.7121197
POSCAR_alex_go_aaa_000_agm2000000297_entry2_step0.vasp,-7.71191449
POSCAR_alex_go_aaa_000_agm2000000298_entry0_step2.vasp,-4.25139596
POSCAR_alex_go_aaa_000_agm2000000298_entry1_step2.vasp,-4.2548498
POSCAR_alex_go_aaa_000_agm2000000298_entry2_step0.vasp,-4.25464947
POSCAR_alex_go_aaa_000_agm2000000421_entry0_step2.vasp,-15.1218726
POSCAR_alex_go_aaa_000_agm2000000421_entry1_step0.vasp,-15.12247137
POSCAR_alex_go_aaa_000_agm2000000421_entry2_step0.vasp,-15.12247141
POSCAR_alex_go_aaa_000_agm2000000422_entry0_step2.vasp,-8.1069485
POSCAR_alex_go_aaa_000_agm2000000422_entry1_step0.vasp,-8.10716536
POSCAR_alex_go_aaa_000_agm2000000422_entry2_step0.vasp,-8.1071654
POSCAR_alex_go_aaa_000_agm2000000417_entry0_step13.vasp,-36.19979329
POSCAR_alex_go_aaa_000_agm2000000417_entry1_step1.vasp,-36.20400163
POSCAR_alex_go_aaa_000_agm2000000417_entry2_step3.vasp,-36.20396212
POSCAR_alex_go_aaa_000_agm2000000416_entry0_step33.vasp,-73.79823555
POSCAR_alex_go_aaa_000_agm2000000416_entry1_step22.vasp,-73.79791148
POSCAR_alex_go_aaa_000_agm2000000291_entry0_step49.vasp,-40.290577
POSCAR_alex_go_aaa_000_agm2000000292_entry0_step99.vasp,-20.01062107
POSCAR_alex_go_aaa_000_agm2000000292_entry1_step1.vasp,-19.86009402
POSCAR_alex_go_aaa_000_agm2000000292_entry2_step9.vasp,-19.86177899
POSCAR_alex_go_aaa_000_agm2000000282_entry0_step2.vasp,-7.6732846
POSCAR_alex_go_aaa_000_agm2000000282_entry1_step0.vasp,-7.67325505
POSCAR_alex_go_aaa_000_agm2000000282_entry2_step0.vasp,-7.67325506
POSCAR_alex_go_aaa_000_agm2000000024_entry0_step42.vasp,-23.4591737
POSCAR_alex_go_aaa_000_agm2000000024_entry1_step216.vasp,-24.41078085
POSCAR_alex_go_aaa_000_agm2000000024_entry2_step4.vasp,-24.35154914
POSCAR_alex_go_aaa_000_agm2000000188_entry0_step7.vasp,-0.32014344
POSCAR_alex_go_aaa_000_agm2000000188_entry1_step4.vasp,-0.35843181
POSCAR_alex_go_aaa_000_agm2000000188_entry2_step3.vasp,-0.37911211
POSCAR_alex_go_aaa_000_agm2000000189_entry0_step2.vasp,-0.16869519
POSCAR_alex_go_aaa_000_agm2000000189_entry1_step2.vasp,-0.17204928
POSCAR_alex_go_aaa_000_agm2000000189_entry2_step1.vasp,-0.17146294
POSCAR_alex_go_aaa_000_agm2000000184_entry0_step12.vasp,-1.01490914
POSCAR_alex_go_aaa_000_agm2000000184_entry1_step77.vasp,-1.11619533
POSCAR_alex_go_aaa_000_agm2000000184_entry2_step19.vasp,-1.05848283
POSCAR_alex_go_aaa_000_agm2000000000_entry0_step16.vasp,-20.1153517
POSCAR_alex_go_aaa_000_agm2000000000_entry1_step7.vasp,-20.08425712
POSCAR_alex_go_aaa_000_agm2000000000_entry2_step1.vasp,-20.0822971
POSCAR_alex_go_aaa_000_agm2000000006_entry0_step1.vasp,-3.62241292
POSCAR_alex_go_aaa_000_agm2000000006_entry1_step1.vasp,-3.62605973
POSCAR_alex_go_aaa_000_agm2000000006_entry2_step0.vasp,-3.62570705
POSCAR_alex_go_aaa_000_agm2000000398_entry0_step22.vasp,-16.15183976
POSCAR_alex_go_aaa_000_agm2000000398_entry1_step1.vasp,-16.1513314
POSCAR_alex_go_aaa_000_agm2000000398_entry2_step0.vasp,-16.15132282
POSCAR_alex_go_aaa_000_agm2000000322_entry0_step17.vasp,-16.94128721
POSCAR_alex_go_aaa_000_agm2000000322_entry1_step0.vasp,-16.93972082
POSCAR_alex_go_aaa_000_agm2000000322_entry2_step0.vasp,-16.93971983
POSCAR_alex_go_aaa_000_agm2000000366_entry0_step135.vasp,-13.17994986
POSCAR_alex_go_aaa_000_agm2000000366_entry1_step20.vasp,-13.29133941
POSCAR_alex_go_aaa_000_agm2000000387_entry0_step2.vasp,-3.43734213
POSCAR_alex_go_aaa_000_agm2000000387_entry1_step0.vasp,-3.43757357
POSCAR_alex_go_aaa_000_agm2000000387_entry2_step0.vasp,-3.43757366
POSCAR_alex_go_aaa_000_agm2000000383_entry0_step24.vasp,-15.17574115
POSCAR_alex_go_aaa_000_agm2000000383_entry1_step1.vasp,-15.16643382
POSCAR_alex_go_aaa_000_agm2000000383_entry2_step0.vasp,-15.16593252
POSCAR_alex_go_aaa_000_agm2000000384_entry0_step49.vasp,-15.26780724
POSCAR_alex_go_aaa_000_agm2000000384_entry1_step8.vasp,-15.25948456
POSCAR_alex_go_aaa_000_agm2000000384_entry2_step1.vasp,-15.25732216
POSCAR_alex_go_aaa_000_agm2000000316_entry0_step5.vasp,-121.25731318
POSCAR_alex_go_aaa_000_agm2000000316_entry1_step2.vasp,-121.24611244
POSCAR_alex_go_aaa_000_agm2000000316_entry2_step0.vasp,-121.24664446
POSCAR_alex_go_aaa_000_agm2000000053_entry0_step35.vasp,-13.19164361
POSCAR_alex_go_aaa_000_agm2000000053_entry1_step15.vasp,-13.23261389
POSCAR_alex_go_aaa_000_agm2000000053_entry2_step0.vasp,-13.23320963
POSCAR_alex_go_aaa_000_agm2000000054_entry0_step15.vasp,-12.51222309
POSCAR_alex_go_aaa_000_agm2000000054_entry1_step0.vasp,-12.51272568
POSCAR_alex_go_aaa_000_agm2000000054_entry2_step0.vasp,-12.51285291
POSCAR_alex_go_aaa_000_agm2000000056_entry0_step1.vasp,-11.76136725
POSCAR_alex_go_aaa_000_agm2000000056_entry1_step4.vasp,-11.76137722
POSCAR_alex_go_aaa_000_agm2000000056_entry2_step0.vasp,-11.76138297
POSCAR_alex_go_aaa_000_agm2000000059_entry0_step1.vasp,-2.59205222
POSCAR_alex_go_aaa_000_agm2000000059_entry1_step0.vasp,-2.59235301
POSCAR_alex_go_aaa_000_agm2000000059_entry2_step0.vasp,-2.59235306
POSCAR_alex_go_aaa_000_agm2000000126_entry0_step2.vasp,-1.05641211
POSCAR_alex_go_aaa_000_agm2000000126_entry1_step0.vasp,-1.05595738
POSCAR_alex_go_aaa_000_agm2000000126_entry2_step0.vasp,-1.0559574
POSCAR_alex_go_aaa_000_agm2000000125_entry0_step18.vasp,-2.99875674
POSCAR_alex_go_aaa_000_agm2000000125_entry1_step7.vasp,-3.02183105
POSCAR_alex_go_aaa_000_agm2000000125_entry2_step0.vasp,-3.02039167
POSCAR_alex_go_aaa_000_agm2000000033_entry0_step10.vasp,-6.37724632
POSCAR_alex_go_aaa_000_agm2000000033_entry1_step1.vasp,-6.37486463
POSCAR_alex_go_aaa_000_agm2000000033_entry2_step0.vasp,-6.37490707
POSCAR_alex_go_aaa_000_agm2000000244_entry0_step3.vasp,-1.34128786
POSCAR_alex_go_aaa_000_agm2000000244_entry1_step2.vasp,-1.33932153
POSCAR_alex_go_aaa_000_agm2000000244_entry2_step0.vasp,-1.33944291
POSCAR_alex_go_aaa_000_agm2000000319_entry0_step8.vasp,-139.85880536
POSCAR_alex_go_aaa_000_agm2000000319_entry1_step2.vasp,-139.84453455
POSCAR_alex_go_aaa_000_agm2000000319_entry2_step0.vasp,-139.84531492
POSCAR_alex_go_aaa_000_agm2000000324_entry0_step2.vasp,-6.88524297
POSCAR_alex_go_aaa_000_agm2000000324_entry1_step2.vasp,-6.88697392
POSCAR_alex_go_aaa_000_agm2000000324_entry2_step0.vasp,-6.88635982
POSCAR_alex_go_aaa_000_agm2000000429_entry0_step2.vasp,-2.95990916
POSCAR_alex_go_aaa_000_agm2000000429_entry1_step10.vasp,-2.95991697
POSCAR_alex_go_aaa_000_agm2000000429_entry2_step0.vasp,-2.9599268
POSCAR_alex_go_aaa_000_agm2000000346_entry0_step3.vasp,-4.99634987
POSCAR_alex_go_aaa_000_agm2000000346_entry1_step0.vasp,-5.00014275
POSCAR_alex_go_aaa_000_agm2000000346_entry2_step0.vasp,-5.0001428
POSCAR_alex_go_aaa_000_agm2000000386_entry0_step1.vasp,-6.81320582
POSCAR_alex_go_aaa_000_agm2000000386_entry1_step0.vasp,-6.81521283
POSCAR_alex_go_aaa_000_agm2000000386_entry2_step0.vasp,-6.81521298
POSCAR_alex_go_aaa_000_agm2000000430_entry0_step11.vasp,-56.82048649
POSCAR_alex_go_aaa_000_agm2000000430_entry1_step0.vasp,-56.81978468
POSCAR_alex_go_aaa_000_agm2000000430_entry2_step0.vasp,-56.81978471
POSCAR_alex_go_aaa_000_agm2000000415_entry0_step2.vasp,-2.88919795
POSCAR_alex_go_aaa_000_agm2000000415_entry1_step0.vasp,-2.88939006
POSCAR_alex_go_aaa_000_agm2000000415_entry2_step0.vasp,-2.88939014
POSCAR_alex_go_aaa_000_agm2000000473_entry0_step9.vasp,-9.19918661
POSCAR_alex_go_aaa_000_agm2000000473_entry1_step3.vasp,-9.19581323
POSCAR_alex_go_aaa_000_agm2000000473_entry2_step0.vasp,-9.19582422
POSCAR_alex_go_aaa_000_agm2000000052_entry0_step19.vasp,-26.49688598
POSCAR_alex_go_aaa_000_agm2000000052_entry1_step5.vasp,-26.49635215
POSCAR_alex_go_aaa_000_agm2000000052_entry2_step0.vasp,-26.49635245
POSCAR_alex_go_aaa_000_agm2000000458_entry0_step16.vasp,-6.93853332
POSCAR_alex_go_aaa_000_agm2000000458_entry1_step2.vasp,-6.93714033
POSCAR_alex_go_aaa_000_agm2000000458_entry2_step0.vasp,-6.93704879
POSCAR_alex_go_aaa_000_agm2000000077_entry0_step249.vasp,-65.92614122
POSCAR_alex_go_aaa_000_agm2000000077_entry1_step143.vasp,-65.98012831
POSCAR_alex_go_aaa_000_agm2000000077_entry2_step17.vasp,-65.9897496
POSCAR_alex_go_aaa_000_agm2000000075_entry0_step2.vasp,-1.38319071
POSCAR_alex_go_aaa_000_agm2000000075_entry1_step0.vasp,-1.38427715
POSCAR_alex_go_aaa_000_agm2000000075_entry2_step0.vasp,-1.38427734
POSCAR_alex_go_aaa_000_agm2000000134_entry0_step3.vasp,-5.35238218
POSCAR_alex_go_aaa_000_agm2000000134_entry1_step1.vasp,-5.3524709
POSCAR_alex_go_aaa_000_agm2000000134_entry2_step1.vasp,-5.35145821
POSCAR_alex_go_aaa_000_agm2000000135_entry0_step2.vasp,-3.06602881
POSCAR_alex_go_aaa_000_agm2000000135_entry1_step2.vasp,-3.06944918
POSCAR_alex_go_aaa_000_agm2000000135_entry2_step0.vasp,-3.06919324
POSCAR_alex_go_aaa_000_agm2000000177_entry0_step2.vasp,-3.91784471
POSCAR_alex_go_aaa_000_agm2000000177_entry1_step0.vasp,-3.9178603
POSCAR_alex_go_aaa_000_agm2000000177_entry2_step0.vasp,-3.91786031
POSCAR_alex_go_aaa_000_agm2000000147_entry0_step3.vasp,-3.87888305
POSCAR_alex_go_aaa_000_agm2000000147_entry1_step1.vasp,-3.88162563
POSCAR_alex_go_aaa_000_agm2000000147_entry2_step0.vasp,-3.88163657
POSCAR_alex_go_aaa_000_agm2000000176_entry0_step2.vasp,-8.03181429
POSCAR_alex_go_aaa_000_agm2000000176_entry1_step0.vasp,-8.03192069
POSCAR_alex_go_aaa_000_agm2000000176_entry2_step0.vasp,-8.03192074
POSCAR_alex_go_aaa_000_agm2000000196_entry0_step2.vasp,-2.8053892
POSCAR_alex_go_aaa_000_agm2000000196_entry1_step0.vasp,-2.80701364
POSCAR_alex_go_aaa_000_agm2000000196_entry2_step0.vasp,-2.80701363
POSCAR_alex_go_aaa_000_agm2000000221_entry0_step2.vasp,-13.16871308
POSCAR_alex_go_aaa_000_agm2000000221_entry1_step0.vasp,-13.16920793
POSCAR_alex_go_aaa_000_agm2000000221_entry2_step0.vasp,-13.16920796
POSCAR_alex_go_aaa_000_agm2000000222_entry0_step2.vasp,-6.77836707
POSCAR_alex_go_aaa_000_agm2000000222_entry1_step0.vasp,-6.77857995
POSCAR_alex_go_aaa_000_agm2000000222_entry2_step0.vasp,-6.77857999
POSCAR_alex_go_aaa_000_agm2000000223_entry0_step110.vasp,-25.11307436
POSCAR_alex_go_aaa_000_agm2000000223_entry1_step7.vasp,-25.52199578
POSCAR_alex_go_aaa_000_agm2000000223_entry2_step0.vasp,-25.525755
POSCAR_alex_go_aaa_000_agm2000000229_entry0_step2.vasp,-1.3906139
POSCAR_alex_go_aaa_000_agm2000000229_entry1_step0.vasp,-1.3909554
POSCAR_alex_go_aaa_000_agm2000000229_entry2_step0.vasp,-1.39095544
POSCAR_alex_go_aaa_000_agm2000000230_entry0_step1.vasp,-0.81894389
POSCAR_alex_go_aaa_000_agm2000000230_entry1_step0.vasp,-0.81898489
POSCAR_alex_go_aaa_000_agm2000000230_entry2_step0.vasp,-0.81898491
POSCAR_alex_go_aaa_000_agm2000000459_entry0_step87.vasp,-92.95365617
POSCAR_alex_go_aaa_000_agm2000000459_entry1_step4.vasp,-92.96756763
POSCAR_alex_go_aaa_000_agm2000000459_entry2_step0.vasp,-92.9671223
POSCAR_alex_go_aaa_000_agm2000000010_entry0_step0.vasp,-13.14502542
POSCAR_alex_go_aaa_000_agm2000000010_entry1_step0.vasp,-13.14502542
POSCAR_alex_go_aaa_000_agm2000000010_entry2_step0.vasp,-13.14502545
POSCAR_alex_go_aaa_000_agm2000000012_entry0_step96.vasp,-12.62002131
POSCAR_alex_go_aaa_000_agm2000000012_entry1_step41.vasp,-12.28181501
POSCAR_alex_go_aaa_000_agm2000000012_entry2_step0.vasp,-12.27609214
POSCAR_alex_go_aaa_000_agm2000000014_entry0_step0.vasp,-5.10709214
POSCAR_alex_go_aaa_000_agm2000000014_entry1_step0.vasp,-5.10709214
POSCAR_alex_go_aaa_000_agm2000000014_entry2_step0.vasp,-5.10709224
POSCAR_alex_go_aaa_000_agm2000000015_entry0_step0.vasp,-2.77888777
POSCAR_alex_go_aaa_000_agm2000000015_entry1_step0.vasp,-2.77888777
POSCAR_alex_go_aaa_000_agm2000000015_entry2_step0.vasp,-2.77888778
POSCAR_alex_go_aaa_000_agm2000000018_entry0_step13.vasp,-18.43881295
POSCAR_alex_go_aaa_000_agm2000000018_entry1_step0.vasp,-18.43885698
POSCAR_alex_go_aaa_000_agm2000000018_entry2_step0.vasp,-18.43885699
POSCAR_alex_go_aaa_000_agm2000000019_entry0_step9.vasp,-17.12126429
POSCAR_alex_go_aaa_000_agm2000000019_entry1_step0.vasp,-17.12138885
POSCAR_alex_go_aaa_000_agm2000000019_entry2_step0.vasp,-17.12138888
POSCAR_alex_go_aaa_000_agm2000000094_entry0_step5.vasp,-0.48719548
POSCAR_alex_go_aaa_000_agm2000000094_entry1_step11.vasp,-0.49637699
POSCAR_alex_go_aaa_000_agm2000000094_entry2_step4.vasp,-0.49330541
POSCAR_alex_go_aaa_000_agm2000000032_entry0_step32.vasp,-12.74146496
POSCAR_alex_go_aaa_000_agm2000000032_entry1_step6.vasp,-12.73928801
POSCAR_alex_go_aaa_000_agm2000000032_entry2_step1.vasp,-12.73930909
POSCAR_alex_go_aaa_000_agm2000000030_entry0_step2.vasp,-4.71075323
POSCAR_alex_go_aaa_000_agm2000000030_entry1_step2.vasp,-4.71271887
POSCAR_alex_go_aaa_000_agm2000000030_entry2_step0.vasp,-4.71267169
POSCAR_alex_go_aaa_000_agm2000000031_entry0_step2.vasp,-2.70276103
POSCAR_alex_go_aaa_000_agm2000000031_entry1_step2.vasp,-2.70357496
POSCAR_alex_go_aaa_000_agm2000000031_entry2_step0.vasp,-2.70355899
POSCAR_alex_go_aaa_000_agm2000000023_entry0_step9.vasp,-4.10891602
POSCAR_alex_go_aaa_000_agm2000000023_entry1_step8.vasp,-4.10892617
POSCAR_alex_go_aaa_000_agm2000000023_entry2_step0.vasp,-4.10896064
POSCAR_alex_go_aaa_000_agm2000000036_entry0_step75.vasp,-4.77504422
POSCAR_alex_go_aaa_000_agm2000000036_entry1_step30.vasp,-4.736311
POSCAR_alex_go_aaa_000_agm2000000036_entry2_step0.vasp,-4.7315744
POSCAR_alex_go_aaa_000_agm2000000038_entry0_step3.vasp,-1.28176102
POSCAR_alex_go_aaa_000_agm2000000038_entry1_step0.vasp,-1.28054306
POSCAR_alex_go_aaa_000_agm2000000038_entry2_step0.vasp,-1.28054837
POSCAR_alex_go_aaa_000_agm2000000039_entry0_step2.vasp,-1.03494833
POSCAR_alex_go_aaa_000_agm2000000039_entry1_step0.vasp,-1.03487037
POSCAR_alex_go_aaa_000_agm2000000039_entry2_step0.vasp,-1.03487038
POSCAR_alex_go_aaa_000_agm2000000046_entry0_step18.vasp,-79.03365758
POSCAR_alex_go_aaa_000_agm2000000046_entry1_step0.vasp,-79.03352391
POSCAR_alex_go_aaa_000_agm2000000046_entry2_step0.vasp,-79.03352369
POSCAR_alex_go_aaa_000_agm2000000047_entry0_step13.vasp,-78.78787085
POSCAR_alex_go_aaa_000_agm2000000047_entry1_step0.vasp,-78.7878518
POSCAR_alex_go_aaa_000_agm2000000047_entry2_step0.vasp,-78.78785183
POSCAR_alex_go_aaa_000_agm2000000048_entry0_step31.vasp,-92.10837286
POSCAR_alex_go_aaa_000_agm2000000048_entry1_step0.vasp,-92.1083603
POSCAR_alex_go_aaa_000_agm2000000048_entry2_step0.vasp,-92.10836032
POSCAR_alex_go_aaa_000_agm2000000058_entry0_step2.vasp,-3.2419844
POSCAR_alex_go_aaa_000_agm2000000058_entry1_step1.vasp,-3.24285736
POSCAR_alex_go_aaa_000_agm2000000058_entry2_step0.vasp,-3.24287523
POSCAR_alex_go_aaa_000_agm2000000088_entry0_step5.vasp,-2.68677668
POSCAR_alex_go_aaa_000_agm2000000088_entry1_step0.vasp,-2.68530719
POSCAR_alex_go_aaa_000_agm2000000088_entry2_step0.vasp,-2.68530729
POSCAR_alex_go_aaa_000_agm2000000090_entry0_step106.vasp,-2.71619646
POSCAR_alex_go_aaa_000_agm2000000090_entry1_step6.vasp,-2.56633584
POSCAR_alex_go_aaa_000_agm2000000090_entry2_step31.vasp,-2.56253129
POSCAR_alex_go_aaa_000_agm2000000091_entry0_step4.vasp,-2.26381521
POSCAR_alex_go_aaa_000_agm2000000091_entry1_step1.vasp,-2.26500491
POSCAR_alex_go_aaa_000_agm2000000092_entry0_step10.vasp,-9.67405617
POSCAR_alex_go_aaa_000_agm2000000092_entry1_step2.vasp,-9.6636332
POSCAR_alex_go_aaa_000_agm2000000092_entry2_step0.vasp,-9.66404777
POSCAR_alex_go_aaa_000_agm2000000093_entry0_step6.vasp,-0.76884102
POSCAR_alex_go_aaa_000_agm2000000093_entry1_step3.vasp,-0.78349898
POSCAR_alex_go_aaa_000_agm2000000093_entry2_step2.vasp,-0.77779774
POSCAR_alex_go_aaa_000_agm2000000116_entry0_step3.vasp,-5.44178545
POSCAR_alex_go_aaa_000_agm2000000116_entry1_step2.vasp,-5.4426236
POSCAR_alex_go_aaa_000_agm2000000116_entry2_step0.vasp,-5.4425929
POSCAR_alex_go_aaa_000_agm2000000098_entry0_step3.vasp,-8.12438901
POSCAR_alex_go_aaa_000_agm2000000098_entry1_step0.vasp,-8.12621902
POSCAR_alex_go_aaa_000_agm2000000098_entry2_step0.vasp,-8.12621918
POSCAR_alex_go_aaa_000_agm2000000099_entry0_step2.vasp,-4.61955189
POSCAR_alex_go_aaa_000_agm2000000099_entry1_step0.vasp,-4.62053673
POSCAR_alex_go_aaa_000_agm2000000099_entry2_step0.vasp,-4.62053683
POSCAR_alex_go_aaa_000_agm2000000110_entry0_step5.vasp,-25.73368326
POSCAR_alex_go_aaa_000_agm2000000110_entry1_step1.vasp,-25.73366305
POSCAR_alex_go_aaa_000_agm2000000110_entry2_step2.vasp,-25.73368387
POSCAR_alex_go_aaa_000_agm2000000119_entry0_step52.vasp,-32.83067959
POSCAR_alex_go_aaa_000_agm2000000119_entry1_step32.vasp,-32.81398237
POSCAR_alex_go_aaa_000_agm2000000119_entry2_step23.vasp,-32.81428722
POSCAR_alex_go_aaa_000_agm2000000122_entry0_step20.vasp,-33.22412488
POSCAR_alex_go_aaa_000_agm2000000122_entry1_step249.vasp,-33.21111051
POSCAR_alex_go_aaa_000_agm2000000122_entry2_step9.vasp,-33.2115972
POSCAR_alex_go_aaa_000_agm2000000124_entry0_step3.vasp,-7.37197246
POSCAR_alex_go_aaa_000_agm2000000124_entry1_step2.vasp,-7.38000678
POSCAR_alex_go_aaa_000_agm2000000124_entry2_step0.vasp,-7.37987351
POSCAR_alex_go_aaa_000_agm2000000153_entry0_step2.vasp,-11.72406352
POSCAR_alex_go_aaa_000_agm2000000153_entry1_step0.vasp,-11.72771477
POSCAR_alex_go_aaa_000_agm2000000153_entry2_step0.vasp,-11.7277148
POSCAR_alex_go_aaa_000_agm2000000163_entry0_step28.vasp,-22.67168872
POSCAR_alex_go_aaa_000_agm2000000163_entry1_step3.vasp,-22.67187804
POSCAR_alex_go_aaa_000_agm2000000163_entry2_step2.vasp,-22.67207141
POSCAR_alex_go_aaa_000_agm2000000148_entry0_step2.vasp,-2.78466442
POSCAR_alex_go_aaa_000_agm2000000148_entry1_step0.vasp,-2.78573512
POSCAR_alex_go_aaa_000_agm2000000148_entry2_step0.vasp,-2.78573512
POSCAR_alex_go_aaa_000_agm2000000164_entry0_step15.vasp,-10.71680215
POSCAR_alex_go_aaa_000_agm2000000164_entry1_step11.vasp,-10.71844367
POSCAR_alex_go_aaa_000_agm2000000164_entry2_step3.vasp,-10.71738846
POSCAR_alex_go_aaa_000_agm2000000165_entry0_step82.vasp,-11.36335762
POSCAR_alex_go_aaa_000_agm2000000165_entry1_step45.vasp,-11.36306586
POSCAR_alex_go_aaa_000_agm2000000165_entry2_step4.vasp,-11.36355436
POSCAR_alex_go_aaa_000_agm2000000166_entry0_step91.vasp,-11.3604925
POSCAR_alex_go_aaa_000_agm2000000166_entry1_step87.vasp,-11.39649962
POSCAR_alex_go_aaa_000_agm2000000166_entry2_step47.vasp,-11.39117064
POSCAR_alex_go_aaa_000_agm2000000171_entry0_step8.vasp,-16.55422026
POSCAR_alex_go_aaa_000_agm2000000171_entry1_step20.vasp,-16.55029397
POSCAR_alex_go_aaa_000_agm2000000171_entry2_step7.vasp,-16.550355
POSCAR_alex_go_aaa_000_agm2000000178_entry0_step62.vasp,-36.26992235
POSCAR_alex_go_aaa_000_agm2000000178_entry1_step24.vasp,-36.21368803
POSCAR_alex_go_aaa_000_agm2000000178_entry2_step3.vasp,-36.21281966
POSCAR_alex_go_aaa_000_agm2000000231_entry0_step11.vasp,-35.34697748
POSCAR_alex_go_aaa_000_agm2000000231_entry1_step8.vasp,-35.34054754
POSCAR_alex_go_aaa_000_agm2000000231_entry2_step1.vasp,-35.34021446
POSCAR_alex_go_aaa_000_agm2000000207_entry0_step21.vasp,-9.4983059
POSCAR_alex_go_aaa_000_agm2000000207_entry1_step7.vasp,-9.50260657
POSCAR_alex_go_aaa_000_agm2000000209_entry0_step38.vasp,-10.14822881
POSCAR_alex_go_aaa_000_agm2000000209_entry1_step1.vasp,-10.11232412
POSCAR_alex_go_aaa_000_agm2000000209_entry2_step4.vasp,-10.11285416
POSCAR_alex_go_aaa_000_agm2000000211_entry0_step1.vasp,-4.17467795
POSCAR_alex_go_aaa_000_agm2000000211_entry1_step0.vasp,-4.1767201
POSCAR_alex_go_aaa_000_agm2000000211_entry2_step0.vasp,-4.17672007
POSCAR_alex_go_aaa_000_agm2000000213_entry0_step56.vasp,-203.10799746
POSCAR_alex_go_aaa_000_agm2000000213_entry1_step2.vasp,-203.10974454
POSCAR_alex_go_aaa_000_agm2000000213_entry2_step4.vasp,-203.10981607
POSCAR_alex_go_aaa_000_agm2000000215_entry0_step31.vasp,-239.00973786
POSCAR_alex_go_aaa_000_agm2000000215_entry1_step0.vasp,-239.00867115
POSCAR_alex_go_aaa_000_agm2000000215_entry2_step0.vasp,-239.0086659
POSCAR_alex_go_aaa_000_agm2000000216_entry0_step12.vasp,-29.54038288
POSCAR_alex_go_aaa_000_agm2000000216_entry1_step2.vasp,-29.54047176
POSCAR_alex_go_aaa_000_agm2000000216_entry2_step0.vasp,-29.54049958
POSCAR_alex_go_aaa_000_agm2000000224_entry0_step6.vasp,-3.45940306
POSCAR_alex_go_aaa_000_agm2000000224_entry1_step4.vasp,-3.45871496
POSCAR_alex_go_aaa_000_agm2000000224_entry2_step0.vasp,-3.45819518
POSCAR_alex_go_aaa_000_agm2000000236_entry0_step4.vasp,-5.78079878
POSCAR_alex_go_aaa_000_agm2000000236_entry1_step9.vasp,-5.78379962
POSCAR_alex_go_aaa_000_agm2000000236_entry2_step0.vasp,-5.78377195
POSCAR_alex_go_aaa_000_agm2000000243_entry0_step4.vasp,-2.13611631
POSCAR_alex_go_aaa_000_agm2000000243_entry1_step3.vasp,-2.15216675
POSCAR_alex_go_aaa_000_agm2000000243_entry2_step2.vasp,-2.15373799
POSCAR_alex_go_aaa_000_agm2000000254_entry0_step4.vasp,-0.77371049
POSCAR_alex_go_aaa_000_agm2000000254_entry1_step0.vasp,-0.77387805
POSCAR_alex_go_aaa_000_agm2000000254_entry2_step0.vasp,-0.77387812
POSCAR_alex_go_aaa_000_agm2000000255_entry0_step49.vasp,-66.97867225
POSCAR_alex_go_aaa_000_agm2000000255_entry1_step21.vasp,-66.97500912
POSCAR_alex_go_aaa_000_agm2000000255_entry2_step1.vasp,-66.97651707
POSCAR_alex_go_aaa_000_agm2000000258_entry0_step93.vasp,-33.64250843
POSCAR_alex_go_aaa_000_agm2000000258_entry1_step20.vasp,-33.48870253
POSCAR_alex_go_aaa_000_agm2000000258_entry2_step1.vasp,-33.48686535
POSCAR_alex_go_aaa_000_agm2000000260_entry0_step3.vasp,-12.92278913
POSCAR_alex_go_aaa_000_agm2000000260_entry1_step0.vasp,-12.92655919
POSCAR_alex_go_aaa_000_agm2000000260_entry2_step0.vasp,-12.92655925
POSCAR_alex_go_aaa_000_agm2000000267_entry0_step2.vasp,-15.56364884
POSCAR_alex_go_aaa_000_agm2000000267_entry1_step0.vasp,-15.56403903
POSCAR_alex_go_aaa_000_agm2000000267_entry2_step0.vasp,-15.56403908
POSCAR_alex_go_aaa_000_agm2000000268_entry0_step2.vasp,-8.30787195
POSCAR_alex_go_aaa_000_agm2000000268_entry1_step0.vasp,-8.30812
POSCAR_alex_go_aaa_000_agm2000000268_entry2_step0.vasp,-8.3081196
POSCAR_alex_go_aaa_000_agm2000000269_entry0_step19.vasp,-9.28169824
POSCAR_alex_go_aaa_000_agm2000000269_entry1_step15.vasp,-9.27900031
POSCAR_alex_go_aaa_000_agm2000000269_entry2_step8.vasp,-9.27804563
POSCAR_alex_go_aaa_000_agm2000000270_entry0_step10.vasp,-4.63529416
POSCAR_alex_go_aaa_000_agm2000000270_entry1_step8.vasp,-4.63394868
POSCAR_alex_go_aaa_000_agm2000000270_entry2_step2.vasp,-4.63132549
POSCAR_alex_go_aaa_000_agm2000000274_entry0_step4.vasp,-1.64565549
POSCAR_alex_go_aaa_000_agm2000000274_entry1_step3.vasp,-1.67072434
POSCAR_alex_go_aaa_000_agm2000000274_entry2_step0.vasp,-1.67101479
POSCAR_alex_go_aaa_000_agm2000000276_entry0_step4.vasp,-36.52311581
POSCAR_alex_go_aaa_000_agm2000000276_entry1_step0.vasp,-36.52270711
POSCAR_alex_go_aaa_000_agm2000000276_entry2_step0.vasp,-36.52270617
POSCAR_alex_go_aaa_000_agm2000000279_entry0_step11.vasp,-32.36257647
POSCAR_alex_go_aaa_000_agm2000000281_entry0_step2.vasp,-13.22014096
POSCAR_alex_go_aaa_000_agm2000000281_entry1_step0.vasp,-13.21972801
POSCAR_alex_go_aaa_000_agm2000000281_entry2_step0.vasp,-13.21972811
POSCAR_alex_go_aaa_000_agm2000000299_entry0_step138.vasp,-29.14195567
POSCAR_alex_go_aaa_000_agm2000000299_entry1_step43.vasp,-29.12660351
POSCAR_alex_go_aaa_000_agm2000000299_entry2_step19.vasp,-29.12864301
POSCAR_alex_go_aaa_000_agm2000000288_entry0_step2.vasp,-4.85068222
POSCAR_alex_go_aaa_000_agm2000000288_entry1_step0.vasp,-4.85338325
POSCAR_alex_go_aaa_000_agm2000000288_entry2_step0.vasp,-4.85338331
POSCAR_alex_go_aaa_000_agm2000000289_entry0_step2.vasp,-3.16604665
POSCAR_alex_go_aaa_000_agm2000000289_entry1_step0.vasp,-3.16619359
POSCAR_alex_go_aaa_000_agm2000000289_entry2_step0.vasp,-3.1661934
POSCAR_alex_go_aaa_000_agm2000000300_entry0_step48.vasp,-29.18390687
POSCAR_alex_go_aaa_000_agm2000000300_entry1_step12.vasp,-29.126027
POSCAR_alex_go_aaa_000_agm2000000300_entry2_step0.vasp,-29.12747566
POSCAR_alex_go_aaa_000_agm2000000301_entry0_step43.vasp,-33.27429293
POSCAR_alex_go_aaa_000_agm2000000301_entry1_step42.vasp,-33.27520443
POSCAR_alex_go_aaa_000_agm2000000301_entry2_step33.vasp,-33.27561677
POSCAR_alex_go_aaa_000_agm2000000302_entry0_step146.vasp,-33.27779644
POSCAR_alex_go_aaa_000_agm2000000302_entry1_step0.vasp,-33.27749469
POSCAR_alex_go_aaa_000_agm2000000302_entry2_step0.vasp,-33.27752455
POSCAR_alex_go_aaa_000_agm2000000303_entry0_step3.vasp,-11.19556626
POSCAR_alex_go_aaa_000_agm2000000303_entry1_step2.vasp,-11.19707203
POSCAR_alex_go_aaa_000_agm2000000303_entry2_step0.vasp,-11.19710885
POSCAR_alex_go_aaa_000_agm2000000304_entry0_step25.vasp,-5.9541999
POSCAR_alex_go_aaa_000_agm2000000304_entry1_step10.vasp,-5.96386549
POSCAR_alex_go_aaa_000_agm2000000304_entry2_step6.vasp,-5.96629861
POSCAR_alex_go_aaa_000_agm2000000306_entry0_step104.vasp,-19.83071609
POSCAR_alex_go_aaa_000_agm2000000306_entry1_step249.vasp,-19.82363864
POSCAR_alex_go_aaa_000_agm2000000306_entry2_step19.vasp,-19.82395206
POSCAR_alex_go_aaa_000_agm2000000307_entry0_step2.vasp,-6.83735173
POSCAR_alex_go_aaa_000_agm2000000307_entry1_step2.vasp,-6.84087152
POSCAR_alex_go_aaa_000_agm2000000307_entry2_step0.vasp,-6.84094459
POSCAR_alex_go_aaa_000_agm2000000308_entry0_step8.vasp,-3.58452218
POSCAR_alex_go_aaa_000_agm2000000308_entry1_step8.vasp,-3.61134674
POSCAR_alex_go_aaa_000_agm2000000308_entry2_step10.vasp,-3.62259066
POSCAR_alex_go_aaa_000_agm2000000310_entry0_step72.vasp,-37.99400156
POSCAR_alex_go_aaa_000_agm2000000310_entry1_step11.vasp,-37.89482293
POSCAR_alex_go_aaa_000_agm2000000310_entry2_step4.vasp,-37.8954018
POSCAR_alex_go_aaa_000_agm2000000326_entry0_step22.vasp,-33.49849208
POSCAR_alex_go_aaa_000_agm2000000326_entry1_step0.vasp,-33.50350397
POSCAR_alex_go_aaa_000_agm2000000326_entry2_step0.vasp,-33.5034816
POSCAR_alex_go_aaa_000_agm2000000328_entry0_step5.vasp,-16.37761188
POSCAR_alex_go_aaa_000_agm2000000328_entry1_step1.vasp,-16.37667351
POSCAR_alex_go_aaa_000_agm2000000328_entry2_step0.vasp,-16.37667089
POSCAR_alex_go_aaa_000_agm2000000333_entry0_step20.vasp,-41.1246675
POSCAR_alex_go_aaa_000_agm2000000333_entry1_step0.vasp,-41.12407963
POSCAR_alex_go_aaa_000_agm2000000333_entry2_step0.vasp,-41.12407967
POSCAR_alex_go_aaa_000_agm2000000335_entry0_step6.vasp,-21.45375908
POSCAR_alex_go_aaa_000_agm2000000335_entry1_step0.vasp,-21.45385016
POSCAR_alex_go_aaa_000_agm2000000335_entry2_step0.vasp,-21.45385014
POSCAR_alex_go_aaa_000_agm2000000337_entry0_step23.vasp,-7.53747546
POSCAR_alex_go_aaa_000_agm2000000337_entry1_step0.vasp,-7.53435992
POSCAR_alex_go_aaa_000_agm2000000337_entry2_step0.vasp,-7.53436389
POSCAR_alex_go_aaa_000_agm2000000338_entry0_step7.vasp,-21.08576288
POSCAR_alex_go_aaa_000_agm2000000338_entry1_step0.vasp,-21.08584506
POSCAR_alex_go_aaa_000_agm2000000338_entry2_step0.vasp,-21.08584514
POSCAR_alex_go_aaa_000_agm2000000339_entry0_step2.vasp,-9.30474621
POSCAR_alex_go_aaa_000_agm2000000339_entry1_step0.vasp,-9.3047763
POSCAR_alex_go_aaa_000_agm2000000339_entry2_step0.vasp,-9.3047776
POSCAR_alex_go_aaa_000_agm2000000348_entry0_step51.vasp,-140.57799008
POSCAR_alex_go_aaa_000_agm2000000348_entry1_step2.vasp,-140.5627762
POSCAR_alex_go_aaa_000_agm2000000348_entry2_step3.vasp,-140.56319406
POSCAR_alex_go_aaa_000_agm2000000349_entry0_step35.vasp,-143.18522745
POSCAR_alex_go_aaa_000_agm2000000349_entry1_step3.vasp,-143.1818084
POSCAR_alex_go_aaa_000_agm2000000349_entry2_step4.vasp,-143.18204375
POSCAR_alex_go_aaa_000_agm2000000350_entry0_step11.vasp,-43.23909114
POSCAR_alex_go_aaa_000_agm2000000350_entry1_step3.vasp,-43.2379035
POSCAR_alex_go_aaa_000_agm2000000350_entry2_step10.vasp,-43.23801911
POSCAR_alex_go_aaa_000_agm2000000351_entry0_step102.vasp,-68.32250422
POSCAR_alex_go_aaa_000_agm2000000351_entry1_step1.vasp,-68.31965753
POSCAR_alex_go_aaa_000_agm2000000351_entry2_step0.vasp,-68.31981956
POSCAR_alex_go_aaa_000_agm2000000354_entry0_step2.vasp,-21.07765775
POSCAR_alex_go_aaa_000_agm2000000354_entry1_step0.vasp,-21.07692406
POSCAR_alex_go_aaa_000_agm2000000354_entry2_step0.vasp,-21.07692409
POSCAR_alex_go_aaa_000_agm2000000357_entry0_step62.vasp,-78.95555663
POSCAR_alex_go_aaa_000_agm2000000357_entry1_step4.vasp,-78.95578083
POSCAR_alex_go_aaa_000_agm2000000357_entry2_step0.vasp,-78.95562558
POSCAR_alex_go_aaa_000_agm2000000358_entry0_step2.vasp,-8.7194682
POSCAR_alex_go_aaa_000_agm2000000358_entry1_step2.vasp,-8.72107817
POSCAR_alex_go_aaa_000_agm2000000358_entry2_step0.vasp,-8.72098547
POSCAR_alex_go_aaa_000_agm2000000359_entry0_step2.vasp,-4.71058414
POSCAR_alex_go_aaa_000_agm2000000359_entry1_step2.vasp,-4.71101908
POSCAR_alex_go_aaa_000_agm2000000359_entry2_step0.vasp,-4.71100507
POSCAR_alex_go_aaa_000_agm2000000371_entry0_step15.vasp,-19.11636365
POSCAR_alex_go_aaa_000_agm2000000371_entry1_step0.vasp,-19.11653871
POSCAR_alex_go_aaa_000_agm2000000371_entry2_step0.vasp,-19.11653548
POSCAR_alex_go_aaa_000_key_empty_entry0_step2.vasp,-1.22750607
POSCAR_alex_go_aaa_000_key_empty_entry1_step0.vasp,-1.22721384
POSCAR_alex_go_aaa_000_key_empty_entry2_step0.vasp,-1.22721389
POSCAR_alex_go_aaa_000_agm2000000374_entry0_step32.vasp,-19.33302172
POSCAR_alex_go_aaa_000_agm2000000374_entry1_step1.vasp,-19.29356231
POSCAR_alex_go_aaa_000_agm2000000374_entry2_step1.vasp,-19.29365333
POSCAR_alex_go_aaa_000_agm2000000377_entry0_step66.vasp,-16.25527035
POSCAR_alex_go_aaa_000_agm2000000377_entry1_step13.vasp,-16.20818938
POSCAR_alex_go_aaa_000_agm2000000377_entry2_step2.vasp,-16.20890678
POSCAR_alex_go_aaa_000_agm2000000381_entry0_step3.vasp,-4.54617394
POSCAR_alex_go_aaa_000_agm2000000381_entry1_step1.vasp,-4.5522434
POSCAR_alex_go_aaa_000_agm2000000381_entry2_step0.vasp,-4.55233263
POSCAR_alex_go_aaa_000_agm2000000392_entry0_step89.vasp,-4.03248934
POSCAR_alex_go_aaa_000_agm2000000392_entry1_step2.vasp,-3.99639668
POSCAR_alex_go_aaa_000_agm2000000400_entry0_step2.vasp,-6.60715677
POSCAR_alex_go_aaa_000_agm2000000400_entry1_step0.vasp,-6.60719003
POSCAR_alex_go_aaa_000_agm2000000400_entry2_step0.vasp,-6.60719011
POSCAR_alex_go_aaa_000_agm2000000401_entry0_step2.vasp,-3.63362343
POSCAR_alex_go_aaa_000_agm2000000401_entry1_step0.vasp,-3.63364645
POSCAR_alex_go_aaa_000_agm2000000401_entry2_step0.vasp,-3.63364646
POSCAR_alex_go_aaa_000_agm2000000410_entry0_step62.vasp,-16.06878154
POSCAR_alex_go_aaa_000_agm2000000410_entry1_step14.vasp,-15.97600666
POSCAR_alex_go_aaa_000_agm2000000410_entry2_step0.vasp,-15.9734524
POSCAR_alex_go_aaa_000_agm2000000428_entry0_step2.vasp,-5.34705768
POSCAR_alex_go_aaa_000_agm2000000428_entry1_step0.vasp,-5.3470781
POSCAR_alex_go_aaa_000_agm2000000428_entry2_step0.vasp,-5.34707763
POSCAR_alex_go_aaa_000_agm2000000411_entry0_step1.vasp,-15.6321232
POSCAR_alex_go_aaa_000_agm2000000411_entry1_step1.vasp,-15.63209097
POSCAR_alex_go_aaa_000_agm2000000411_entry2_step0.vasp,-15.63213126
POSCAR_alex_go_aaa_000_agm2000000435_entry0_step3.vasp,-9.79875673
POSCAR_alex_go_aaa_000_agm2000000435_entry1_step1.vasp,-9.80252004
POSCAR_alex_go_aaa_000_agm2000000435_entry2_step0.vasp,-9.80237548
POSCAR_alex_go_aaa_000_agm2000000436_entry0_step2.vasp,-5.84583106
POSCAR_alex_go_aaa_000_agm2000000436_entry1_step1.vasp,-5.84662643
POSCAR_alex_go_aaa_000_agm2000000436_entry2_step0.vasp,-5.84658542
POSCAR_alex_go_aaa_000_agm2000000438_entry0_step30.vasp,-8.29260327
POSCAR_alex_go_aaa_000_agm2000000438_entry1_step15.vasp,-8.24904477
POSCAR_alex_go_aaa_000_agm2000000438_entry2_step12.vasp,-8.25809944
POSCAR_alex_go_aaa_000_agm2000000442_entry0_step3.vasp,-3.55051231
POSCAR_alex_go_aaa_000_agm2000000442_entry1_step2.vasp,-3.55743786
POSCAR_alex_go_aaa_000_agm2000000442_entry2_step0.vasp,-3.55651638
POSCAR_alex_go_aaa_000_agm2000000443_entry0_step2.vasp,-1.95514969
POSCAR_alex_go_aaa_000_agm2000000443_entry1_step1.vasp,-1.95663603
POSCAR_alex_go_aaa_000_agm2000000443_entry2_step0.vasp,-1.95653842
POSCAR_alex_go_aaa_000_agm2000000444_entry0_step9.vasp,-31.10750492
POSCAR_alex_go_aaa_000_agm2000000444_entry1_step0.vasp,-31.10370307
POSCAR_alex_go_aaa_000_agm2000000444_entry2_step1.vasp,-31.10369947
POSCAR_alex_go_aaa_000_agm2000000446_entry0_step6.vasp,-14.76962759
POSCAR_alex_go_aaa_000_agm2000000446_entry1_step1.vasp,-14.76917159
POSCAR_alex_go_aaa_000_agm2000000446_entry2_step0.vasp,-14.76935891
POSCAR_alex_go_aaa_000_agm2000000455_entry0_step14.vasp,-28.86559163
POSCAR_alex_go_aaa_000_agm2000000455_entry1_step7.vasp,-28.86556437
POSCAR_alex_go_aaa_000_agm2000000455_entry2_step0.vasp,-28.86530921
POSCAR_alex_go_aaa_000_agm2000000457_entry0_step3.vasp,-11.64199043
POSCAR_alex_go_aaa_000_agm2000000457_entry1_step0.vasp,-11.64973738
POSCAR_alex_go_aaa_000_agm2000000457_entry2_step1.vasp,-11.64974864
POSCAR_alex_go_aaa_000_agm2000000462_entry0_step4.vasp,-43.3889532
POSCAR_alex_go_aaa_000_agm2000000462_entry1_step0.vasp,-43.3892928
POSCAR_alex_go_aaa_000_agm2000000462_entry2_step0.vasp,-43.38929533
POSCAR_alex_go_aaa_000_agm2000000464_entry0_step2.vasp,-18.14083321
POSCAR_alex_go_aaa_000_agm2000000464_entry1_step0.vasp,-18.1413136
POSCAR_alex_go_aaa_000_agm2000000464_entry2_step0.vasp,-18.14131365
POSCAR_alex_go_aaa_000_agm2000000465_entry0_step2.vasp,-9.81080297
POSCAR_alex_go_aaa_000_agm2000000465_entry1_step2.vasp,-9.81103678
POSCAR_alex_go_aaa_000_agm2000000465_entry2_step0.vasp,-9.81101418
POSCAR_alex_go_aaa_000_agm2000000466_entry0_step13.vasp,-47.02193636
POSCAR_alex_go_aaa_000_agm2000000466_entry1_step0.vasp,-47.01656309
POSCAR_alex_go_aaa_000_agm2000000466_entry2_step0.vasp,-47.01654529
POSCAR_alex_go_aaa_000_agm2000000467_entry0_step37.vasp,-22.92410239
POSCAR_alex_go_aaa_000_agm2000000467_entry1_step6.vasp,-22.86443499
POSCAR_alex_go_aaa_000_agm2000000467_entry2_step0.vasp,-22.86200848
POSCAR_alex_go_aaa_000_agm2000000471_entry0_step3.vasp,-7.75077962
POSCAR_alex_go_aaa_000_agm2000000471_entry1_step0.vasp,-7.7469303
POSCAR_alex_go_aaa_000_agm2000000471_entry2_step0.vasp,-7.74693031
POSCAR_alex_go_aaa_000_agm2000000154_entry0_step3.vasp,-6.59942198
POSCAR_alex_go_aaa_000_agm2000000154_entry1_step2.vasp,-6.6114816
POSCAR_alex_go_aaa_000_agm2000000154_entry2_step0.vasp,-6.61125832
POSCAR_alex_go_aaa_000_agm2000000149_entry0_step12.vasp,-30.43475769
POSCAR_alex_go_aaa_000_agm2000000149_entry1_step0.vasp,-30.43545906
POSCAR_alex_go_aaa_000_agm2000000149_entry2_step0.vasp,-30.43545778
POSCAR_alex_go_aaa_000_agm2000000206_entry0_step41.vasp,-20.2164518
POSCAR_alex_go_aaa_000_agm2000000206_entry1_step14.vasp,-20.2078964
POSCAR_alex_go_aaa_000_agm2000000206_entry2_step17.vasp,-20.20723576
POSCAR_alex_go_aaa_000_agm2000000208_entry0_step15.vasp,-10.10933251
POSCAR_alex_go_aaa_000_agm2000000208_entry1_step7.vasp,-10.1006992
POSCAR_alex_go_aaa_000_agm2000000208_entry2_step15.vasp,-10.10052782
POSCAR_alex_go_aaa_000_agm2000000210_entry0_step61.vasp,-9.52046472
POSCAR_alex_go_aaa_000_agm2000000210_entry1_step33.vasp,-9.49277349
POSCAR_alex_go_aaa_000_agm2000000210_entry2_step1.vasp,-9.4905045
POSCAR_alex_go_aaa_000_agm2000000283_entry0_step26.vasp,-33.68994561
POSCAR_alex_go_aaa_000_agm2000000283_entry1_step0.vasp,-33.6915284
POSCAR_alex_go_aaa_000_agm2000000283_entry2_step0.vasp,-33.69150155
POSCAR_alex_go_aaa_000_agm2000000285_entry0_step5.vasp,-16.50857896
POSCAR_alex_go_aaa_000_agm2000000285_entry1_step0.vasp,-16.50828722
POSCAR_alex_go_aaa_000_agm2000000285_entry2_step0.vasp,-16.50828672
POSCAR_alex_go_aaa_000_agm2000000408_entry0_step2.vasp,-15.54206175
POSCAR_alex_go_aaa_000_agm2000000408_entry1_step0.vasp,-15.54248804
POSCAR_alex_go_aaa_000_agm2000000408_entry2_step0.vasp,-15.54248822
POSCAR_alex_go_aaa_000_agm2000000409_entry0_step2.vasp,-8.99864794
POSCAR_alex_go_aaa_000_agm2000000409_entry1_step0.vasp,-8.99882338
POSCAR_alex_go_aaa_000_agm2000000409_entry2_step0.vasp,-8.99882347
POSCAR_alex_go_aaa_000_agm2000000404_entry0_step14.vasp,-42.99775293
POSCAR_alex_go_aaa_000_agm2000000404_entry1_step2.vasp,-42.9856814
POSCAR_alex_go_aaa_000_agm2000000404_entry2_step0.vasp,-42.98573653
POSCAR_alex_go_aaa_000_agm2000000431_entry0_step19.vasp,-28.42456406
POSCAR_alex_go_aaa_000_agm2000000431_entry1_step4.vasp,-28.41252517
POSCAR_alex_go_aaa_000_agm2000000431_entry2_step0.vasp,-28.41441517
POSCAR_alex_go_aaa_000_agm2000000451_entry0_step25.vasp,-210.61739641
POSCAR_alex_go_aaa_000_agm2000000451_entry1_step5.vasp,-210.61028937
POSCAR_alex_go_aaa_000_agm2000000451_entry2_step3.vasp,-210.61051743
POSCAR_alex_go_aaa_000_agm2000000452_entry0_step44.vasp,-65.19442943
POSCAR_alex_go_aaa_000_agm2000000452_entry1_step32.vasp,-64.81848751
POSCAR_alex_go_aaa_000_agm2000000452_entry2_step1.vasp,-64.81742173
POSCAR_alex_go_aaa_000_agm2000000453_entry0_step4.vasp,-32.80127161
POSCAR_alex_go_aaa_000_agm2000000453_entry1_step0.vasp,-32.80131926
POSCAR_alex_go_aaa_000_agm2000000453_entry2_step0.vasp,-32.80131912
POSCAR_alex_go_aaa_000_agm2000000214_entry0_step19.vasp,-62.62405329
POSCAR_alex_go_aaa_000_agm2000000214_entry1_step0.vasp,-62.62296814
POSCAR_alex_go_aaa_000_agm2000000214_entry2_step0.vasp,-62.62297435
POSCAR_alex_go_aaa_000_agm2000000218_entry0_step5.vasp,-30.43593292
POSCAR_alex_go_aaa_000_agm2000000218_entry1_step0.vasp,-30.43539616
POSCAR_alex_go_aaa_000_agm2000000218_entry2_step0.vasp,-30.43539565
POSCAR_alex_go_aaa_000_agm2000000219_entry0_step77.vasp,-28.08117876
POSCAR_alex_go_aaa_000_agm2000000219_entry1_step140.vasp,-31.38917009
POSCAR_alex_go_aaa_000_agm2000000219_entry2_step6.vasp,-31.29359518
POSCAR_alex_go_aaa_000_agm2000000353_entry0_step0.vasp,-21.22074539
POSCAR_alex_go_aaa_000_agm2000000353_entry1_step0.vasp,-21.22074538
POSCAR_alex_go_aaa_000_agm2000000353_entry2_step0.vasp,-21.22074549
POSCAR_alex_go_aaa_000_agm2000000356_entry0_step11.vasp,-20.45561141
POSCAR_alex_go_aaa_000_agm2000000356_entry1_step0.vasp,-20.45558959
POSCAR_alex_go_aaa_000_agm2000000356_entry2_step0.vasp,-20.45539898
POSCAR_alex_go_aaa_000_agm2000000426_entry0_step185.vasp,-12.15294436
POSCAR_alex_go_aaa_000_agm2000000426_entry1_step44.vasp,-12.0400554
POSCAR_alex_go_aaa_000_agm2000000426_entry2_step0.vasp,-12.03673865
POSCAR_alex_go_aaa_000_agm2000000305_entry0_step52.vasp,-19.41863667
POSCAR_alex_go_aaa_000_agm2000000305_entry1_step74.vasp,-19.52675719
POSCAR_alex_go_aaa_000_agm2000000460_entry0_step59.vasp,-46.6813726
POSCAR_alex_go_aaa_000_agm2000000460_entry1_step5.vasp,-46.4803569
POSCAR_alex_go_aaa_000_agm2000000460_entry2_step2.vasp,-46.48008699
POSCAR_alex_go_aaa_000_agm2000000232_entry0_step1.vasp,-17.33520791
POSCAR_alex_go_aaa_000_agm2000000232_entry1_step10.vasp,-17.33525628
POSCAR_alex_go_aaa_000_agm2000000232_entry2_step1.vasp,-17.33528959
POSCAR_alex_go_aaa_000_agm2000000237_entry0_step3.vasp,-3.46801572
POSCAR_alex_go_aaa_000_agm2000000237_entry1_step7.vasp,-3.46792909
POSCAR_alex_go_aaa_000_agm2000000237_entry2_step0.vasp,-3.46793301
POSCAR_alex_go_aaa_000_agm2000000309_entry0_step90.vasp,-80.93200417
POSCAR_alex_go_aaa_000_agm2000000309_entry1_step10.vasp,-80.905612
POSCAR_alex_go_aaa_000_agm2000000309_entry2_step0.vasp,-80.90516096
POSCAR_alex_go_aaa_000_agm2000000168_entry0_step1.vasp,-4.77829295
POSCAR_alex_go_aaa_000_agm2000000168_entry1_step0.vasp,-4.77888607
POSCAR_alex_go_aaa_000_agm2000000168_entry2_step0.vasp,-4.77888612
POSCAR_alex_go_aaa_000_agm2000000167_entry0_step31.vasp,-10.79830818
POSCAR_alex_go_aaa_000_agm2000000167_entry1_step15.vasp,-10.78546936
POSCAR_alex_go_aaa_000_agm2000000167_entry2_step5.vasp,-10.78694434
POSCAR_alex_go_aaa_000_agm2000000262_entry0_step150.vasp,-76.81128485
POSCAR_alex_go_aaa_000_agm2000000262_entry1_step1.vasp,-76.81117494
POSCAR_alex_go_aaa_000_agm2000000262_entry2_step0.vasp,-76.81116538
POSCAR_alex_go_aaa_000_agm2000000263_entry0_step4.vasp,-38.67487962
POSCAR_alex_go_aaa_000_agm2000000263_entry1_step10.vasp,-38.67748149
POSCAR_alex_go_aaa_000_agm2000000263_entry2_step0.vasp,-38.67502794
POSCAR_alex_go_aaa_000_agm2000000264_entry0_step10.vasp,-37.13271371
POSCAR_alex_go_aaa_000_agm2000000264_entry1_step0.vasp,-37.12862085
POSCAR_alex_go_aaa_000_agm2000000264_entry2_step3.vasp,-37.12859648
POSCAR_alex_go_aaa_000_agm2000000016_entry0_step36.vasp,-36.10872763
POSCAR_alex_go_aaa_000_agm2000000016_entry1_step0.vasp,-36.10850792
POSCAR_alex_go_aaa_000_agm2000000016_entry2_step0.vasp,-36.10850793
POSCAR_alex_go_aaa_000_agm2000000128_entry0_step121.vasp,-29.33318869
POSCAR_alex_go_aaa_000_agm2000000128_entry1_step4.vasp,-29.26717409
POSCAR_alex_go_aaa_000_agm2000000128_entry2_step3.vasp,-29.27029071
POSCAR_alex_go_aaa_000_agm2000000129_entry0_step84.vasp,-44.00702687
POSCAR_alex_go_aaa_000_agm2000000129_entry1_step70.vasp,-44.00030524
POSCAR_alex_go_aaa_000_agm2000000129_entry2_step87.vasp,-44.0003578
POSCAR_alex_go_aaa_000_agm2000000130_entry0_step5.vasp,-13.56356874
POSCAR_alex_go_aaa_000_agm2000000130_entry1_step2.vasp,-13.55957085
POSCAR_alex_go_aaa_000_agm2000000131_entry0_step14.vasp,-14.53718863
POSCAR_alex_go_aaa_000_agm2000000131_entry1_step4.vasp,-14.53730565
POSCAR_alex_go_aaa_000_agm2000000131_entry2_step0.vasp,-14.53740469
POSCAR_alex_go_aaa_000_agm2000000334_entry0_step10.vasp,-20.96261336
POSCAR_alex_go_aaa_000_agm2000000334_entry1_step0.vasp,-20.96246928
POSCAR_alex_go_aaa_000_agm2000000334_entry2_step0.vasp,-20.96243192
POSCAR_alex_go_aaa_000_agm2000000336_entry0_step4.vasp,-19.50646129
POSCAR_alex_go_aaa_000_agm2000000336_entry1_step0.vasp,-19.50661043
POSCAR_alex_go_aaa_000_agm2000000336_entry2_step0.vasp,-19.50659475
POSCAR_alex_go_aaa_000_agm2000000437_entry0_step36.vasp,-17.59106582
POSCAR_alex_go_aaa_000_agm2000000437_entry1_step150.vasp,-17.69749887
POSCAR_alex_go_aaa_000_agm2000000437_entry2_step20.vasp,-17.6569423
POSCAR_alex_go_aaa_000_agm2000000439_entry0_step21.vasp,-8.84558592
POSCAR_alex_go_aaa_000_agm2000000439_entry1_step13.vasp,-8.86025549
POSCAR_alex_go_aaa_000_agm2000000439_entry2_step4.vasp,-8.85687842
POSCAR_alex_go_aaa_000_agm2000000084_entry0_step42.vasp,-6.40225749
POSCAR_alex_go_aaa_000_agm2000000084_entry1_step3.vasp,-6.40807266
POSCAR_alex_go_aaa_000_agm2000000084_entry2_step7.vasp,-6.40768718
POSCAR_alex_go_aaa_000_agm2000000085_entry0_step69.vasp,-8.13748025
POSCAR_alex_go_aaa_000_agm2000000085_entry1_step146.vasp,-8.15781867
POSCAR_alex_go_aaa_000_agm2000000085_entry2_step16.vasp,-8.16566959
POSCAR_alex_go_aaa_000_agm2000000087_entry0_step5.vasp,-2.56495544
POSCAR_alex_go_aaa_000_agm2000000087_entry1_step5.vasp,-2.53766402
POSCAR_alex_go_aaa_000_agm2000000087_entry2_step2.vasp,-2.5389773
POSCAR_alex_go_aaa_000_agm2000000479_entry0_step26.vasp,-0.7039171
POSCAR_alex_go_aaa_000_agm2000000479_entry1_step2.vasp,-0.70422002
POSCAR_alex_go_aaa_000_agm2000000170_entry0_step13.vasp,-34.04906921
POSCAR_alex_go_aaa_000_agm2000000170_entry1_step18.vasp,-34.00392739
POSCAR_alex_go_aaa_000_agm2000000170_entry2_step16.vasp,-34.00862069
POSCAR_alex_go_aaa_000_agm2000000172_entry0_step61.vasp,-16.83092429
POSCAR_alex_go_aaa_000_agm2000000172_entry1_step19.vasp,-16.82037186
POSCAR_alex_go_aaa_000_agm2000000172_entry2_step1.vasp,-16.81971777
POSCAR_alex_go_aaa_000_agm2000000174_entry0_step90.vasp,-16.51456343
POSCAR_alex_go_aaa_000_agm2000000174_entry1_step70.vasp,-16.84765729
POSCAR_alex_go_aaa_000_agm2000000174_entry2_step16.vasp,-16.81185578
POSCAR_alex_go_aaa_000_agm2000000175_entry0_step45.vasp,-16.57626007
POSCAR_alex_go_aaa_000_agm2000000175_entry1_step10.vasp,-16.54998407
POSCAR_alex_go_aaa_000_agm2000000175_entry2_step4.vasp,-16.54911059
POSCAR_alex_go_aaa_000_agm2000000115_entry0_step3.vasp,-9.79376091
POSCAR_alex_go_aaa_000_agm2000000115_entry1_step2.vasp,-9.79614672
POSCAR_alex_go_aaa_000_agm2000000115_entry2_step0.vasp,-9.79606928
POSCAR_alex_go_aaa_000_agm2000000113_entry0_step79.vasp,-23.28970348
POSCAR_alex_go_aaa_000_agm2000000113_entry1_step7.vasp,-22.86511857
POSCAR_alex_go_aaa_000_agm2000000113_entry2_step0.vasp,-22.86430437
POSCAR_alex_go_aaa_000_agm2000000375_entry0_step0.vasp,-9.52613394
POSCAR_alex_go_aaa_000_agm2000000375_entry1_step0.vasp,-9.52613394
POSCAR_alex_go_aaa_000_agm2000000375_entry2_step0.vasp,-9.52613406
POSCAR_alex_go_aaa_000_agm2000000370_entry0_step10.vasp,-39.64851352
POSCAR_alex_go_aaa_000_agm2000000370_entry1_step0.vasp,-39.64948636
POSCAR_alex_go_aaa_000_agm2000000370_entry2_step0.vasp,-39.64948705
POSCAR_alex_go_aaa_000_agm2000000376_entry0_step0.vasp,-4.50528373
POSCAR_alex_go_aaa_000_agm2000000376_entry1_step0.vasp,-4.50528373
POSCAR_alex_go_aaa_000_agm2000000376_entry2_step0.vasp,-4.50528374
POSCAR_alex_go_aaa_000_agm2000000372_entry0_step4.vasp,-19.57021821
POSCAR_alex_go_aaa_000_agm2000000372_entry1_step0.vasp,-19.56947446
POSCAR_alex_go_aaa_000_agm2000000372_entry2_step0.vasp,-19.56948664
POSCAR_alex_go_aaa_000_agm2000000373_entry0_step9.vasp,-19.55749545
POSCAR_alex_go_aaa_000_agm2000000373_entry1_step0.vasp,-19.55789131
POSCAR_alex_go_aaa_000_agm2000000373_entry2_step0.vasp,-19.5578919
POSCAR_alex_go_aaa_000_agm2000000078_entry0_step20.vasp,-33.04675629
POSCAR_alex_go_aaa_000_agm2000000078_entry1_step0.vasp,-33.04724275
POSCAR_alex_go_aaa_000_agm2000000078_entry2_step0.vasp,-33.04724277
POSCAR_alex_go_aaa_000_agm2000000079_entry0_step0.vasp,-36.88876877
POSCAR_alex_go_aaa_000_agm2000000079_entry1_step0.vasp,-36.88877932
POSCAR_alex_go_aaa_000_agm2000000079_entry2_step0.vasp,-36.88859093
POSCAR_alex_go_aaa_000_agm2000000080_entry0_step6.vasp,-31.78212527
POSCAR_alex_go_aaa_000_agm2000000080_entry1_step0.vasp,-31.78213554
POSCAR_alex_go_aaa_000_agm2000000080_entry2_step0.vasp,-31.78213489
POSCAR_alex_go_aaa_000_agm2000000081_entry0_step41.vasp,-32.94767149
POSCAR_alex_go_aaa_000_agm2000000081_entry1_step24.vasp,-32.95244626
POSCAR_alex_go_aaa_000_agm2000000081_entry2_step0.vasp,-32.95336564
POSCAR_alex_go_aaa_000_agm2000000082_entry0_step6.vasp,-18.46010894
POSCAR_alex_go_aaa_000_agm2000000082_entry1_step3.vasp,-18.44320638
POSCAR_alex_go_aaa_000_agm2000000082_entry2_step0.vasp,-18.4432158
POSCAR_alex_go_aaa_000_agm2000000071_entry0_step12.vasp,-6.32538199
POSCAR_alex_go_aaa_000_agm2000000071_entry1_step1.vasp,-6.32277038
POSCAR_alex_go_aaa_000_agm2000000071_entry2_step1.vasp,-6.3227349
POSCAR_alex_go_aaa_000_agm2000000074_entry0_step48.vasp,-6.43328418
POSCAR_alex_go_aaa_000_agm2000000074_entry1_step1.vasp,-6.46560253
POSCAR_alex_go_aaa_000_agm2000000076_entry0_step3.vasp,-1.0359439
POSCAR_alex_go_aaa_000_agm2000000076_entry1_step0.vasp,-1.03645235
POSCAR_alex_go_aaa_000_agm2000000076_entry2_step0.vasp,-1.03645238
POSCAR_alex_go_aaa_000_agm2000000388_entry0_step60.vasp,-10.80658379
POSCAR_alex_go_aaa_000_agm2000000388_entry1_step2.vasp,-10.81425996
POSCAR_alex_go_aaa_000_agm2000000388_entry2_step0.vasp,-10.81394904
POSCAR_alex_go_aaa_000_agm2000000394_entry0_step4.vasp,-1.02012306
POSCAR_alex_go_aaa_000_agm2000000394_entry1_step0.vasp,-1.02102701
POSCAR_alex_go_aaa_000_agm2000000394_entry2_step0.vasp,-1.02102812
POSCAR_alex_go_aaa_000_agm2000000395_entry0_step2.vasp,-0.80288977
POSCAR_alex_go_aaa_000_agm2000000395_entry1_step2.vasp,-0.81326115
POSCAR_alex_go_aaa_000_agm2000000395_entry2_step0.vasp,-0.81392754
POSCAR_alex_go_aaa_000_agm2000000245_entry0_step16.vasp,-33.52117479
POSCAR_alex_go_aaa_000_agm2000000245_entry1_step13.vasp,-33.5195991
POSCAR_alex_go_aaa_000_agm2000000245_entry2_step8.vasp,-33.52034652
POSCAR_alex_go_aaa_000_agm2000000247_entry0_step24.vasp,-9.66951883
POSCAR_alex_go_aaa_000_agm2000000247_entry1_step11.vasp,-9.66971124
POSCAR_alex_go_aaa_000_agm2000000247_entry2_step11.vasp,-9.67004795
POSCAR_alex_go_aaa_000_agm2000000248_entry0_step12.vasp,-38.88250031
POSCAR_alex_go_aaa_000_agm2000000248_entry1_step10.vasp,-38.88191809
POSCAR_alex_go_aaa_000_agm2000000248_entry2_step8.vasp,-38.87696528
POSCAR_alex_go_aaa_000_agm2000000249_entry0_step4.vasp,-4.0061345
POSCAR_alex_go_aaa_000_agm2000000249_entry1_step1.vasp,-4.00465855
POSCAR_alex_go_aaa_000_agm2000000249_entry2_step0.vasp,-4.00467037
POSCAR_alex_go_aaa_000_agm2000000250_entry0_step34.vasp,-5.13750646
POSCAR_alex_go_aaa_000_agm2000000250_entry1_step8.vasp,-5.11213564
POSCAR_alex_go_aaa_000_agm2000000250_entry2_step19.vasp,-5.11290554
POSCAR_alex_go_aaa_000_agm2000000253_entry0_step4.vasp,-1.12276889
POSCAR_alex_go_aaa_000_agm2000000253_entry1_step1.vasp,-1.12313532
POSCAR_alex_go_aaa_000_agm2000000253_entry2_step0.vasp,-1.12312514
POSCAR_alex_go_aaa_000_agm2000000271_entry0_step6.vasp,-4.54286712
POSCAR_alex_go_aaa_000_agm2000000271_entry1_step0.vasp,-4.54284827
POSCAR_alex_go_aaa_000_agm2000000271_entry2_step0.vasp,-4.54288348
POSCAR_alex_go_aaa_000_agm2000000273_entry0_step19.vasp,-4.11639155
POSCAR_alex_go_aaa_000_agm2000000273_entry1_step0.vasp,-4.11649436
POSCAR_alex_go_aaa_000_agm2000000273_entry2_step0.vasp,-4.11649459
POSCAR_alex_go_aaa_000_agm2000000275_entry0_step3.vasp,-0.9822538
POSCAR_alex_go_aaa_000_agm2000000275_entry1_step2.vasp,-0.98082223
POSCAR_alex_go_aaa_000_agm2000000275_entry2_step0.vasp,-0.98083866
POSCAR_alex_go_aaa_000_agm2000000449_entry0_step2.vasp,-3.70781826
POSCAR_alex_go_aaa_000_agm2000000449_entry1_step0.vasp,-3.71008873
POSCAR_alex_go_aaa_000_agm2000000449_entry2_step0.vasp,-3.71008873
POSCAR_alex_go_aaa_000_agm2000000450_entry0_step2.vasp,-2.68665249
POSCAR_alex_go_aaa_000_agm2000000450_entry1_step0.vasp,-2.68744429
POSCAR_alex_go_aaa_000_agm2000000450_entry2_step0.vasp,-2.68744438
POSCAR_alex_go_aaa_000_agm2000000445_entry0_step46.vasp,-15.24876732
POSCAR_alex_go_aaa_000_agm2000000445_entry1_step6.vasp,-15.17017158
POSCAR_alex_go_aaa_000_agm2000000445_entry2_step0.vasp,-15.16887968
POSCAR_alex_go_aaa_000_agm2000000238_entry0_step7.vasp,-6.49725821
POSCAR_alex_go_aaa_000_agm2000000238_entry1_step35.vasp,-6.53181321
POSCAR_alex_go_aaa_000_agm2000000238_entry2_step45.vasp,-6.55896935
POSCAR_alex_go_aaa_000_agm2000000239_entry0_step63.vasp,-6.65894272
POSCAR_alex_go_aaa_000_agm2000000239_entry1_step11.vasp,-6.65154225
POSCAR_alex_go_aaa_000_agm2000000239_entry2_step0.vasp,-6.65172283
POSCAR_alex_go_aaa_000_agm2000000241_entry0_step26.vasp,-6.54198574
POSCAR_alex_go_aaa_000_agm2000000241_entry1_step2.vasp,-6.53152292
POSCAR_alex_go_aaa_000_agm2000000117_entry0_step132.vasp,-68.07365395
POSCAR_alex_go_aaa_000_agm2000000117_entry1_step61.vasp,-67.94595544
POSCAR_alex_go_aaa_000_agm2000000117_entry2_step49.vasp,-67.88113588
POSCAR_alex_go_aaa_000_agm2000000123_entry0_step3.vasp,-13.25861405
POSCAR_alex_go_aaa_000_agm2000000123_entry1_step2.vasp,-13.25527058
POSCAR_alex_go_aaa_000_agm2000000123_entry2_step0.vasp,-13.25520418
POSCAR_alex_go_aaa_000_agm2000000478_entry0_step2.vasp,-1.07208533
POSCAR_alex_go_aaa_000_agm2000000478_entry1_step0.vasp,-1.07322123
POSCAR_alex_go_aaa_000_agm2000000478_entry2_step1.vasp,-1.07322479
POSCAR_alex_go_aaa_000_agm2000000474_entry0_step5.vasp,-3.85822585
POSCAR_alex_go_aaa_000_agm2000000474_entry1_step3.vasp,-3.86059603
POSCAR_alex_go_aaa_000_agm2000000474_entry2_step1.vasp,-3.86104746
POSCAR_alex_go_aaa_000_agm2000000475_entry0_step11.vasp,-3.71648633
POSCAR_alex_go_aaa_000_agm2000000475_entry1_step131.vasp,-4.57611682
POSCAR_alex_go_aaa_000_agm2000000475_entry2_step4.vasp,-4.60082003
POSCAR_alex_go_aaa_000_agm2000000382_entry0_step11.vasp,-3.06970095
POSCAR_alex_go_aaa_000_agm2000000382_entry1_step5.vasp,-3.06994363
POSCAR_alex_go_aaa_000_agm2000000382_entry2_step0.vasp,-3.06993751
POSCAR_alex_go_aaa_000_agm2000000341_entry0_step89.vasp,-33.86130682
POSCAR_alex_go_aaa_000_agm2000000341_entry1_step19.vasp,-33.84408873
POSCAR_alex_go_aaa_000_agm2000000341_entry2_step0.vasp,-33.84333079
POSCAR_alex_go_aaa_000_agm2000000342_entry0_step62.vasp,-16.97928957
POSCAR_alex_go_aaa_000_agm2000000342_entry1_step16.vasp,-16.95854318
POSCAR_alex_go_aaa_000_agm2000000342_entry2_step0.vasp,-16.95680819
POSCAR_alex_go_aaa_000_agm2000000343_entry0_step0.vasp,-16.60410174
POSCAR_alex_go_aaa_000_agm2000000343_entry1_step0.vasp,-16.60410174
POSCAR_alex_go_aaa_000_agm2000000343_entry2_step0.vasp,-16.60410171
POSCAR_alex_go_aaa_000_agm2000000261_entry0_step2.vasp,-7.13110661
POSCAR_alex_go_aaa_000_agm2000000261_entry1_step2.vasp,-7.13202762
POSCAR_alex_go_aaa_000_agm2000000261_entry2_step0.vasp,-7.13197421
POSCAR_alex_go_aaa_000_agm2000000256_entry0_step0.vasp,-33.23697535
POSCAR_alex_go_aaa_000_agm2000000256_entry1_step2.vasp,-33.23697338
POSCAR_alex_go_aaa_000_agm2000000256_entry2_step3.vasp,-33.23707423
POSCAR_alex_go_aaa_000_agm2000000257_entry0_step6.vasp,-31.63062875
POSCAR_alex_go_aaa_000_agm2000000257_entry1_step2.vasp,-31.62950176
POSCAR_alex_go_aaa_000_agm2000000257_entry2_step0.vasp,-31.62953003
POSCAR_alex_go_aaa_000_agm2000000327_entry0_step98.vasp,-16.76761653
POSCAR_alex_go_aaa_000_agm2000000327_entry1_step18.vasp,-16.71710345
POSCAR_alex_go_aaa_000_agm2000000327_entry2_step0.vasp,-16.71506504
POSCAR_alex_go_aaa_000_agm2000000331_entry0_step3.vasp,-4.68397391
POSCAR_alex_go_aaa_000_agm2000000331_entry1_step2.vasp,-4.69067562
POSCAR_alex_go_aaa_000_agm2000000331_entry2_step0.vasp,-4.69095492
POSCAR_alex_go_aaa_000_agm2000000332_entry0_step1.vasp,-3.12468801
POSCAR_alex_go_aaa_000_agm2000000332_entry1_step0.vasp,-3.12493456
POSCAR_alex_go_aaa_000_agm2000000332_entry2_step0.vasp,-3.12493459
POSCAR_alex_go_aaa_000_agm2000000225_entry0_step4.vasp,-3.87835881
POSCAR_alex_go_aaa_000_agm2000000225_entry1_step1.vasp,-3.87581194
POSCAR_alex_go_aaa_000_agm2000000225_entry2_step0.vasp,-3.87576799
POSCAR_alex_go_aaa_000_agm2000000227_entry0_step90.vasp,-3.54184318
POSCAR_alex_go_aaa_000_agm2000000227_entry1_step4.vasp,-3.50863431
POSCAR_alex_go_aaa_000_agm2000000485_entry0_step1.vasp,-10.53824575
POSCAR_alex_go_aaa_000_agm2000000485_entry1_step1.vasp,-10.54763527
POSCAR_alex_go_aaa_000_agm2000000485_entry2_step0.vasp,-10.54716508
POSCAR_alex_go_aaa_000_agm2000000480_entry0_step7.vasp,-61.93269901
POSCAR_alex_go_aaa_000_agm2000000480_entry1_step4.vasp,-61.91123152
POSCAR_alex_go_aaa_000_agm2000000480_entry2_step2.vasp,-61.89870754
POSCAR_alex_go_aaa_000_agm2000000481_entry0_step5.vasp,-30.94520109
POSCAR_alex_go_aaa_000_agm2000000481_entry1_step0.vasp,-30.94128715
POSCAR_alex_go_aaa_000_agm2000000481_entry2_step0.vasp,-30.9412875
POSCAR_alex_go_aaa_000_agm2000000486_entry0_step2.vasp,-6.3892947
POSCAR_alex_go_aaa_000_agm2000000486_entry1_step2.vasp,-6.38826921
POSCAR_alex_go_aaa_000_agm2000000486_entry2_step0.vasp,-6.38803195
POSCAR_alex_go_aaa_000_agm2000000190_entry0_step9.vasp,-31.93136404
POSCAR_alex_go_aaa_000_agm2000000190_entry1_step0.vasp,-31.93140397
POSCAR_alex_go_aaa_000_agm2000000191_entry0_step58.vasp,-15.33489763
POSCAR_alex_go_aaa_000_agm2000000191_entry1_step19.vasp,-15.29500862
POSCAR_alex_go_aaa_000_agm2000000191_entry2_step0.vasp,-15.29631541
POSCAR_alex_go_aaa_000_agm2000000179_entry0_step4.vasp,-36.23146627
POSCAR_alex_go_aaa_000_agm2000000179_entry1_step0.vasp,-36.22505015
POSCAR_alex_go_aaa_000_agm2000000179_entry2_step0.vasp,-36.22509323
POSCAR_alex_go_aaa_000_agm2000000182_entry0_step2.vasp,-12.55363024
POSCAR_alex_go_aaa_000_agm2000000182_entry1_step0.vasp,-12.5565176
POSCAR_alex_go_aaa_000_agm2000000182_entry2_step0.vasp,-12.55651751
POSCAR_alex_go_aaa_000_agm2000000142_entry0_step14.vasp,-31.81747231
POSCAR_alex_go_aaa_000_agm2000000142_entry1_step1.vasp,-31.81217248
POSCAR_alex_go_aaa_000_agm2000000142_entry2_step3.vasp,-31.81222368
POSCAR_alex_go_aaa_000_agm2000000140_entry0_step3.vasp,-3.98762808
POSCAR_alex_go_aaa_000_agm2000000140_entry1_step0.vasp,-3.98488111
POSCAR_alex_go_aaa_000_agm2000000140_entry2_step0.vasp,-3.98488128
POSCAR_alex_go_aaa_000_agm2000000136_entry0_step0.vasp,-15.4543844
POSCAR_alex_go_aaa_000_agm2000000136_entry1_step0.vasp,-15.45438477
POSCAR_alex_go_aaa_000_agm2000000136_entry2_step0.vasp,-15.45438382
POSCAR_alex_go_aaa_000_agm2000000040_entry0_step2.vasp,-50.24343322
POSCAR_alex_go_aaa_000_agm2000000040_entry1_step0.vasp,-50.24344118
POSCAR_alex_go_aaa_000_agm2000000040_entry2_step0.vasp,-50.2434412
POSCAR_alex_go_aaa_000_agm2000000050_entry0_step3.vasp,-10.80259291
POSCAR_alex_go_aaa_000_agm2000000050_entry1_step0.vasp,-10.80217516
POSCAR_alex_go_aaa_000_agm2000000050_entry2_step0.vasp,-10.80217518
POSCAR_alex_go_aaa_000_agm2000000051_entry0_step10.vasp,-5.48382121
POSCAR_alex_go_aaa_000_agm2000000051_entry1_step6.vasp,-5.48388932
POSCAR_alex_go_aaa_000_agm2000000051_entry2_step0.vasp,-5.4837993
POSCAR_alex_go_aaa_000_agm2000000360_entry0_step10.vasp,-3.03421851
POSCAR_alex_go_aaa_000_agm2000000360_entry1_step4.vasp,-3.0345089
POSCAR_alex_go_aaa_000_agm2000000360_entry2_step0.vasp,-3.03470062
POSCAR_alex_go_aaa_000_agm2000000362_entry0_step12.vasp,-3.02928914
POSCAR_alex_go_aaa_000_agm2000000362_entry1_step4.vasp,-3.03048327
POSCAR_alex_go_aaa_000_agm2000000362_entry2_step0.vasp,-3.03004385
POSCAR_alex_go_aaa_000_agm2000000127_entry0_step2.vasp,-0.61533028
POSCAR_alex_go_aaa_000_agm2000000127_entry1_step0.vasp,-0.61512667
POSCAR_alex_go_aaa_000_agm2000000127_entry2_step0.vasp,-0.61512668
POSCAR_alex_go_aaa_000_agm2000000141_entry0_step2.vasp,-2.84162066
POSCAR_alex_go_aaa_000_agm2000000141_entry1_step0.vasp,-2.84268381
POSCAR_alex_go_aaa_000_agm2000000141_entry2_step0.vasp,-2.84268384
POSCAR_alex_go_aaa_000_agm2000000169_entry0_step1.vasp,-2.53057211
POSCAR_alex_go_aaa_000_agm2000000169_entry1_step1.vasp,-2.53080372
POSCAR_alex_go_aaa_000_agm2000000169_entry2_step0.vasp,-2.53077784
POSCAR_alex_go_aaa_000_agm2000000162_entry0_step232.vasp,-73.86713785
POSCAR_alex_go_aaa_000_agm2000000162_entry1_step30.vasp,-73.99280038
POSCAR_alex_go_aaa_000_agm2000000162_entry2_step16.vasp,-73.9908118
POSCAR_alex_go_aaa_000_agm2000000183_entry0_step2.vasp,-7.49757619
POSCAR_alex_go_aaa_000_agm2000000183_entry1_step0.vasp,-7.49825147
POSCAR_alex_go_aaa_000_agm2000000183_entry2_step0.vasp,-7.49825157
POSCAR_alex_go_aaa_000_agm2000000195_entry0_step2.vasp,-3.91119266
POSCAR_alex_go_aaa_000_agm2000000195_entry1_step0.vasp,-3.91309976
POSCAR_alex_go_aaa_000_agm2000000195_entry2_step0.vasp,-3.9130998
POSCAR_alex_go_aaa_000_agm2000000472_entry0_step2.vasp,-4.74012664
POSCAR_alex_go_aaa_000_agm2000000472_entry1_step0.vasp,-4.74164225
POSCAR_alex_go_aaa_000_agm2000000472_entry2_step0.vasp,-4.74164235
POSCAR_alex_go_aaa_000_agm2000000414_entry0_step2.vasp,-4.09632621
POSCAR_alex_go_aaa_000_agm2000000414_entry1_step0.vasp,-4.09461649
POSCAR_alex_go_aaa_000_agm2000000414_entry2_step0.vasp,-4.09461651
POSCAR_alex_go_aaa_000_agm2000000007_entry0_step2.vasp,-2.1404892
POSCAR_alex_go_aaa_000_agm2000000007_entry1_step1.vasp,-2.14164398
POSCAR_alex_go_aaa_000_agm2000000007_entry2_step0.vasp,-2.14153367
POSCAR_alex_go_aaa_000_agm2000000118_entry0_step10.vasp,-254.93684003
POSCAR_alex_go_aaa_000_agm2000000086_entry0_step55.vasp,-8.4153887
POSCAR_alex_go_aaa_000_agm2000000086_entry1_step13.vasp,-8.37485593
POSCAR_alex_go_aaa_000_agm2000000086_entry2_step3.vasp,-8.37276463
POSCAR_alex_go_aaa_000_agm2000000020_entry0_step15.vasp,-6.71720329
POSCAR_alex_go_aaa_000_agm2000000020_entry1_step3.vasp,-6.71582659
POSCAR_alex_go_aaa_000_agm2000000022_entry0_step2.vasp,-8.15244457
POSCAR_alex_go_aaa_000_agm2000000022_entry1_step0.vasp,-8.15247136
POSCAR_alex_go_aaa_000_agm2000000022_entry2_step0.vasp,-8.15247146
POSCAR_alex_go_aaa_000_agm2000000083_entry0_step9.vasp,-8.23785853
POSCAR_alex_go_aaa_000_agm2000000083_entry1_step16.vasp,-8.23907279
POSCAR_alex_go_aaa_000_agm2000000083_entry2_step0.vasp,-8.23920672
POSCAR_alex_go_aaa_000_agm2000000070_entry0_step16.vasp,-13.07837075
POSCAR_alex_go_aaa_000_agm2000000070_entry1_step1.vasp,-13.07662576
POSCAR_alex_go_aaa_000_agm2000000070_entry2_step0.vasp,-13.07740691
POSCAR_alex_go_aaa_000_agm2000000095_entry0_step8.vasp,-21.36296336
POSCAR_alex_go_aaa_000_agm2000000095_entry1_step0.vasp,-21.36552979
POSCAR_alex_go_aaa_000_agm2000000109_entry0_step11.vasp,-51.47216568
POSCAR_alex_go_aaa_000_agm2000000109_entry1_step4.vasp,-51.47706844
POSCAR_alex_go_aaa_000_agm2000000109_entry2_step0.vasp,-51.47694066
POSCAR_alex_go_aaa_000_agm2000000143_entry0_step49.vasp,-15.21859329
POSCAR_alex_go_aaa_000_agm2000000143_entry1_step8.vasp,-15.18512718
POSCAR_alex_go_aaa_000_agm2000000143_entry2_step0.vasp,-15.18122792
POSCAR_alex_go_aaa_000_agm2000000368_entry0_step2.vasp,-5.96059677
POSCAR_alex_go_aaa_000_agm2000000368_entry1_step0.vasp,-5.96076643
POSCAR_alex_go_aaa_000_agm2000000368_entry2_step0.vasp,-5.96076661
POSCAR_alex_go_aaa_000_agm2000000212_entry0_step9.vasp,-2.22859345
POSCAR_alex_go_aaa_000_agm2000000212_entry1_step1.vasp,-2.2301916
POSCAR_alex_go_aaa_000_agm2000000212_entry2_step0.vasp,-2.23011413
POSCAR_alex_go_aaa_000_agm2000000284_entry0_step57.vasp,-16.88767466
POSCAR_alex_go_aaa_000_agm2000000284_entry1_step15.vasp,-16.85467983
POSCAR_alex_go_aaa_000_agm2000000284_entry2_step0.vasp,-16.85278693
POSCAR_alex_go_aaa_000_agm2000000296_entry0_step37.vasp,-73.37954955
POSCAR_alex_go_aaa_000_agm2000000296_entry1_step6.vasp,-73.38161007
POSCAR_alex_go_aaa_000_agm2000000311_entry0_step11.vasp,-37.72573172
POSCAR_alex_go_aaa_000_agm2000000311_entry1_step4.vasp,-37.72697089
POSCAR_alex_go_aaa_000_agm2000000311_entry2_step2.vasp,-37.7269704
POSCAR_alex_go_aaa_000_agm2000000314_entry0_step2.vasp,-16.24618041
POSCAR_alex_go_aaa_000_agm2000000314_entry1_step0.vasp,-16.2467883
POSCAR_alex_go_aaa_000_agm2000000314_entry2_step0.vasp,-16.24678832
POSCAR_alex_go_aaa_000_agm2000000315_entry0_step2.vasp,-8.47797062
POSCAR_alex_go_aaa_000_agm2000000315_entry1_step0.vasp,-8.47797395
POSCAR_alex_go_aaa_000_agm2000000315_entry2_step0.vasp,-8.47797402
POSCAR_alex_go_aaa_000_agm2000000325_entry0_step2.vasp,-3.82076428
POSCAR_alex_go_aaa_000_agm2000000325_entry1_step0.vasp,-3.82161495
POSCAR_alex_go_aaa_000_agm2000000325_entry2_step0.vasp,-3.82161499
POSCAR_alex_go_aaa_000_agm2000000361_entry0_step39.vasp,-2.97165604
POSCAR_alex_go_aaa_000_agm2000000361_entry1_step46.vasp,-3.36775599
POSCAR_alex_go_aaa_000_agm2000000389_entry0_step1.vasp,-5.21786616
POSCAR_alex_go_aaa_000_agm2000000389_entry1_step0.vasp,-5.21784995
POSCAR_alex_go_aaa_000_agm2000000389_entry2_step0.vasp,-5.21785649
POSCAR_alex_go_aaa_000_agm2000000402_entry0_step46.vasp,-137.56953024
POSCAR_alex_go_aaa_000_agm2000000402_entry1_step1.vasp,-137.56460058
POSCAR_alex_go_aaa_000_agm2000000402_entry2_step1.vasp,-137.56476717
POSCAR_alex_go_aaa_000_agm2000000403_entry0_step12.vasp,-123.31200421
POSCAR_alex_go_aaa_000_agm2000000403_entry1_step4.vasp,-123.3153312
POSCAR_alex_go_aaa_000_agm2000000403_entry2_step176.vasp,-136.17571293
POSCAR_alex_go_aaa_000_agm2000000423_entry0_step2.vasp,-12.02236235
POSCAR_alex_go_aaa_000_agm2000000423_entry1_step1.vasp,-12.02262593
POSCAR_alex_go_aaa_000_agm2000000423_entry2_step0.vasp,-12.02262567
POSCAR_alex_go_aaa_000_agm2000000369_entry0_step2.vasp,-3.28639745
POSCAR_alex_go_aaa_000_agm2000000369_entry1_step0.vasp,-3.28643404
POSCAR_alex_go_aaa_000_agm2000000369_entry2_step0.vasp,-3.28643409
POSCAR_alex_go_aaa_000_agm2000000290_entry0_step0.vasp,-134.36627282
POSCAR_alex_go_aaa_000_agm2000000290_entry1_step2.vasp,-134.36629318
POSCAR_alex_go_aaa_000_agm2000000290_entry2_step0.vasp,-134.3665877
POSCAR_alex_go_aaa_000_agm2000000340_entry0_step5.vasp,-4.86404498
POSCAR_alex_go_aaa_000_agm2000000340_entry1_step0.vasp,-4.86396199
POSCAR_alex_go_aaa_000_agm2000000340_entry2_step0.vasp,-4.863962
POSCAR_alex_go_aaa_000_agm2000000347_entry0_step1.vasp,-3.20895638
POSCAR_alex_go_aaa_000_agm2000000347_entry1_step0.vasp,-3.20904065
POSCAR_alex_go_aaa_000_agm2000000347_entry2_step0.vasp,-3.20904065
POSCAR_alex_go_aaa_000_agm2000000026_entry0_step78.vasp,-12.13256056
POSCAR_alex_go_aaa_000_agm2000000026_entry1_step28.vasp,-12.17936441
POSCAR_alex_go_aaa_000_agm2000000026_entry2_step4.vasp,-12.18088595
POSCAR_alex_go_aaa_000_agm2000000002_entry0_step86.vasp,-10.07986471
POSCAR_alex_go_aaa_000_agm2000000002_entry1_step2.vasp,-10.06943392
POSCAR_alex_go_aaa_000_agm2000000002_entry2_step1.vasp,-10.06953302
POSCAR_alex_go_aaa_000_agm2000000365_entry0_step19.vasp,-13.16663218
POSCAR_alex_go_aaa_000_agm2000000365_entry1_step6.vasp,-13.20606387
POSCAR_alex_go_aaa_000_agm2000000365_entry2_step0.vasp,-13.20619287
POSCAR_alex_go_aaa_000_agm2000000008_entry0_step6.vasp,-27.38440851
POSCAR_alex_go_aaa_000_agm2000000008_entry1_step0.vasp,-27.38413401
POSCAR_alex_go_aaa_000_agm2000000008_entry2_step0.vasp,-27.38413406
POSCAR_alex_go_aaa_000_agm2000000318_entry0_step153.vasp,-37.32262018
POSCAR_alex_go_aaa_000_agm2000000318_entry1_step2.vasp,-37.25653298
POSCAR_alex_go_aaa_000_agm2000000318_entry2_step0.vasp,-37.25725567
POSCAR_alex_go_aaa_000_agm2000000320_entry0_step19.vasp,-16.85329278
POSCAR_alex_go_aaa_000_agm2000000320_entry1_step15.vasp,-16.84249005
POSCAR_alex_go_aaa_000_agm2000000320_entry2_step1.vasp,-16.84305053
POSCAR_alex_go_aaa_000_agm2000000321_entry0_step4.vasp,-17.96857115
POSCAR_alex_go_aaa_000_agm2000000321_entry1_step2.vasp,-17.96743299
POSCAR_alex_go_aaa_000_agm2000000321_entry2_step0.vasp,-17.96773278
POSCAR_alex_go_aaa_000_agm2000000396_entry0_step5.vasp,-16.22288774
POSCAR_alex_go_aaa_000_agm2000000396_entry1_step0.vasp,-16.22284207
POSCAR_alex_go_aaa_000_agm2000000396_entry2_step0.vasp,-16.22284209
POSCAR_alex_go_aaa_000_agm2000000397_entry0_step163.vasp,-15.11522123
POSCAR_alex_go_aaa_000_agm2000000397_entry1_step35.vasp,-15.13523223
POSCAR_alex_go_aaa_000_agm2000000397_entry2_step0.vasp,-15.13628495
POSCAR_alex_go_aab_000_agm2000012750_entry0_step6.vasp,-24.34488665
POSCAR_alex_go_aab_000_agm2000012750_entry1_step39.vasp,-24.34494157
POSCAR_alex_go_aab_000_agm2000012750_entry2_step10.vasp,-24.34486613
POSCAR_alex_go_aab_000_agm2000012751_entry0_step17.vasp,-24.77523699
POSCAR_alex_go_aab_000_agm2000012751_entry1_step4.vasp,-24.77518098
POSCAR_alex_go_aab_000_agm2000012751_entry2_step0.vasp,-24.77522881
POSCAR_alex_go_aab_000_agm2000012752_entry0_step99.vasp,-22.13323315
POSCAR_alex_go_aab_000_agm2000012752_entry1_step99.vasp,-22.05431968
POSCAR_alex_go_aab_000_agm2000012752_entry2_step8.vasp,-22.01580847
POSCAR_alex_go_aab_000_agm2000012753_entry0_step5.vasp,-24.99991716
POSCAR_alex_go_aab_000_agm2000012753_entry1_step6.vasp,-24.99991321
POSCAR_alex_go_aab_000_agm2000012753_entry2_step0.vasp,-25.00027414
POSCAR_alex_go_aab_000_agm2000018384_entry0_step4.vasp,-58.59698332
POSCAR_alex_go_aab_000_agm2000018384_entry1_step4.vasp,-58.59699697
POSCAR_alex_go_aab_000_agm2000018384_entry2_step2.vasp,-58.59703314
POSCAR_alex_go_aab_000_agm2000012754_entry0_step99.vasp,-25.34868777
POSCAR_alex_go_aab_000_agm2000012754_entry1_step56.vasp,-25.23754116
POSCAR_alex_go_aab_000_agm2000012754_entry2_step10.vasp,-25.23145295
POSCAR_alex_go_aab_000_agm2000025064_entry0_step99.vasp,-21.8425605
POSCAR_alex_go_aab_000_agm2000025064_entry1_step62.vasp,-21.76424344
POSCAR_alex_go_aab_000_agm2000025064_entry2_step17.vasp,-21.76242748
POSCAR_alex_go_aab_000_agm2000025066_entry0_step36.vasp,-21.89101935
POSCAR_alex_go_aab_000_agm2000025066_entry1_step99.vasp,-21.86337353
POSCAR_alex_go_aab_000_agm2000025066_entry2_step5.vasp,-21.86710554
POSCAR_alex_go_aab_000_agm2000017935_entry0_step0.vasp,-22.36907491
POSCAR_alex_go_aab_000_agm2000017935_entry1_step0.vasp,-22.36907491
POSCAR_alex_go_aab_000_agm2000017935_entry2_step0.vasp,-22.36907564
POSCAR_alex_go_aab_000_agm2000030896_entry0_step14.vasp,-41.78508033
POSCAR_alex_go_aab_000_agm2000030896_entry1_step1.vasp,-41.78633926
POSCAR_alex_go_aab_000_agm2000030896_entry2_step0.vasp,-41.78641756
POSCAR_alex_go_aab_000_agm2000030897_entry0_step60.vasp,-43.4822219
POSCAR_alex_go_aab_000_agm2000030897_entry1_step15.vasp,-43.43864904
POSCAR_alex_go_aab_000_agm2000030897_entry2_step0.vasp,-43.440943
POSCAR_alex_go_aab_000_agm2000033840_entry0_step99.vasp,-49.69173045
POSCAR_alex_go_aab_000_agm2000033840_entry1_step32.vasp,-49.50127308
POSCAR_alex_go_aab_000_agm2000033840_entry2_step8.vasp,-49.49077979
POSCAR_alex_go_aab_000_agm2000040152_entry0_step69.vasp,-65.82261286
POSCAR_alex_go_aab_000_agm2000040152_entry1_step34.vasp,-65.74316365
POSCAR_alex_go_aab_000_agm2000040152_entry2_step2.vasp,-65.73316366
POSCAR_alex_go_aab_000_agm2000040491_entry0_step206.vasp,-47.79522159
POSCAR_alex_go_aab_000_agm2000040491_entry1_step61.vasp,-47.70411984
POSCAR_alex_go_aab_000_agm2000040491_entry2_step0.vasp,-47.68777709
POSCAR_alex_go_aab_000_agm2000025933_entry0_step27.vasp,-23.49366809
POSCAR_alex_go_aab_000_agm2000025933_entry1_step27.vasp,-23.58832996
POSCAR_alex_go_aab_000_agm2000025933_entry2_step36.vasp,-23.59197064
POSCAR_alex_go_aab_000_agm2000030898_entry0_step32.vasp,-40.40140812
POSCAR_alex_go_aab_000_agm2000030898_entry1_step1.vasp,-40.4134941
POSCAR_alex_go_aab_000_agm2000030898_entry2_step5.vasp,-40.41299749
